{
    "version": "0.4",
    "title": "Gallery Template",
    "type": "section",
    "metadata": {
        "template_type": "section-gallery",
        "include_in_zip": "1",
        "elementor_pro_required": null,
        "wp_page_template": "elementor_header_footer"
    },
    "content": [
        {
            "id": "45d8a7ac",
            "settings": {
                "layout": "full_width",
                "height": "min-height",
                "custom_height": {
                    "unit": "px",
                    "size": 355,
                    "sizes": []
                },
                "background_background": "classic",
                "background_image": {
                    "url": "https:\/\/elementorpress.com\/templatekit\/woodart-me\/wp-content\/uploads\/sites\/15\/2020\/09\/sub_banner01.jpg",
                    "id": 227
                },
                "background_position": "center center",
                "background_repeat": "no-repeat",
                "background_size": "cover",
                "breakpoints_list": [
                    {
                        "break_title": "Title #1",
                        "break_min": "Min",
                        "break_max": "Max",
                        "_id": "629a818"
                    }
                ],
                "padding": {
                    "unit": "px",
                    "top": "50",
                    "right": "0",
                    "bottom": "0",
                    "left": "0",
                    "isLinked": false
                }
            },
            "elements": [
                {
                    "id": "185e62e7",
                    "settings": {
                        "_column_size": 100,
                        "_inline_size": null,
                        "breakpoints_list": [
                            {
                                "break_title": "Title #1",
                                "break_min": "Min",
                                "break_max": "Max",
                                "_id": "f3b93ff"
                            }
                        ]
                    },
                    "elements": [
                        {
                            "id": "4c1f287",
                            "settings": {
                                "breakpoints_list": [
                                    {
                                        "break_title": "Title #1",
                                        "break_min": "Min",
                                        "break_max": "Max",
                                        "_id": "0685b41"
                                    }
                                ],
                                "margin": {
                                    "unit": "px",
                                    "top": "0",
                                    "right": 0,
                                    "bottom": "10",
                                    "left": 0,
                                    "isLinked": false
                                }
                            },
                            "elements": [
                                {
                                    "id": "7d129e5b",
                                    "settings": {
                                        "_column_size": 100,
                                        "_inline_size": null,
                                        "breakpoints_list": [
                                            {
                                                "break_title": "Title #1",
                                                "break_min": "Min",
                                                "break_max": "Max",
                                                "_id": "a6b2cc5"
                                            }
                                        ]
                                    },
                                    "elements": [
                                        {
                                            "id": "390039a0",
                                            "settings": {
                                                "title": "Gallery",
                                                "align": "center",
                                                "title_color": "#FFFFFF",
                                                "typography_typography": "custom",
                                                "typography_font_family": "Roboto Slab",
                                                "typography_font_size": {
                                                    "unit": "em",
                                                    "size": 2.62999999999999989341858963598497211933135986328125,
                                                    "sizes": []
                                                },
                                                "typography_font_weight": "400",
                                                "typography_line_height": {
                                                    "unit": "em",
                                                    "size": 1,
                                                    "sizes": []
                                                },
                                                "breakpoints_list": [
                                                    {
                                                        "break_title": "Title #1",
                                                        "break_min": "Min",
                                                        "break_max": "Max",
                                                        "_id": "5f1b465"
                                                    }
                                                ],
                                                "typography_font_size_tablet": {
                                                    "unit": "em",
                                                    "size": "",
                                                    "sizes": []
                                                }
                                            },
                                            "elements": [],
                                            "isInner": false,
                                            "widgetType": "heading",
                                            "elType": "widget"
                                        }
                                    ],
                                    "isInner": true,
                                    "elType": "column"
                                }
                            ],
                            "isInner": true,
                            "elType": "section"
                        },
                        {
                            "id": "fbaf526",
                            "settings": {
                                "content_position": "middle",
                                "breakpoints_list": [
                                    {
                                        "break_title": "Title #1",
                                        "break_min": "Min",
                                        "break_max": "Max",
                                        "_id": "e38abdd"
                                    }
                                ]
                            },
                            "elements": [
                                {
                                    "id": "1d38f620",
                                    "settings": {
                                        "_column_size": 100,
                                        "_inline_size": null,
                                        "breakpoints_list": [
                                            {
                                                "break_title": "Title #1",
                                                "break_min": "Min",
                                                "break_max": "Max",
                                                "_id": "a4d5459"
                                            }
                                        ]
                                    },
                                    "elements": [
                                        {
                                            "id": "6c4be04f",
                                            "settings": {
                                                "editor": "Home &gt; Gallery",
                                                "align": "center",
                                                "text_color": "#FFFFFF",
                                                "typography_typography": "custom",
                                                "typography_font_family": "Poppins",
                                                "typography_font_size": {
                                                    "unit": "em",
                                                    "size": 1,
                                                    "sizes": []
                                                },
                                                "breakpoints_list": [
                                                    {
                                                        "break_title": "Title #1",
                                                        "break_min": "Min",
                                                        "break_max": "Max",
                                                        "_id": "0febd38"
                                                    }
                                                ],
                                                "typography_font_size_mobile": {
                                                    "unit": "em",
                                                    "size": 1,
                                                    "sizes": []
                                                },
                                                "typography_line_height_mobile": {
                                                    "unit": "em",
                                                    "size": 1,
                                                    "sizes": []
                                                }
                                            },
                                            "elements": [],
                                            "isInner": false,
                                            "widgetType": "text-editor",
                                            "elType": "widget"
                                        }
                                    ],
                                    "isInner": true,
                                    "elType": "column"
                                }
                            ],
                            "isInner": true,
                            "elType": "section"
                        }
                    ],
                    "isInner": false,
                    "elType": "column"
                }
            ],
            "isInner": false,
            "elType": "section"
        },
        {
            "id": "45dd2b49",
            "settings": {
                "padding": {
                    "unit": "px",
                    "top": "70",
                    "right": "0",
                    "bottom": "100",
                    "left": "0",
                    "isLinked": false
                },
                "breakpoints_list": [
                    {
                        "break_title": "Title #1",
                        "break_min": "Min",
                        "break_max": "Max",
                        "_id": "780e2d1"
                    }
                ],
                "padding_mobile": {
                    "unit": "px",
                    "top": "30",
                    "right": "0",
                    "bottom": "40",
                    "left": "0",
                    "isLinked": false
                }
            },
            "elements": [
                {
                    "id": "186a4d1c",
                    "settings": {
                        "_column_size": 100,
                        "_inline_size": null,
                        "breakpoints_list": [
                            {
                                "break_title": "Title #1",
                                "break_min": "Min",
                                "break_max": "Max",
                                "_id": "eeac5ec"
                            }
                        ]
                    },
                    "elements": [
                        {
                            "id": "61838909",
                            "settings": {
                                "margin": {
                                    "unit": "px",
                                    "top": "0",
                                    "right": 0,
                                    "bottom": "40",
                                    "left": 0,
                                    "isLinked": false
                                },
                                "breakpoints_list": [
                                    {
                                        "break_title": "Title #1",
                                        "break_min": "Min",
                                        "break_max": "Max",
                                        "_id": "51be076"
                                    }
                                ],
                                "margin_mobile": {
                                    "unit": "px",
                                    "top": "0",
                                    "right": 0,
                                    "bottom": "15",
                                    "left": 0,
                                    "isLinked": false
                                }
                            },
                            "elements": [
                                {
                                    "id": "59524ede",
                                    "settings": {
                                        "_column_size": 100,
                                        "_inline_size": null,
                                        "breakpoints_list": [
                                            {
                                                "break_title": "Title #1",
                                                "break_min": "Min",
                                                "break_max": "Max",
                                                "_id": "3f18347"
                                            }
                                        ]
                                    },
                                    "elements": [
                                        {
                                            "id": "346e4109",
                                            "settings": {
                                                "title": "Our Latest Work",
                                                "align": "center",
                                                "title_color": "#431F09",
                                                "typography_typography": "custom",
                                                "typography_font_family": "Roboto Slab",
                                                "typography_font_size": {
                                                    "unit": "em",
                                                    "size": 2.62999999999999989341858963598497211933135986328125,
                                                    "sizes": []
                                                },
                                                "typography_font_weight": "400",
                                                "typography_line_height": {
                                                    "unit": "em",
                                                    "size": 1,
                                                    "sizes": []
                                                },
                                                "breakpoints_list": [
                                                    {
                                                        "break_title": "Title #1",
                                                        "break_min": "Min",
                                                        "break_max": "Max",
                                                        "_id": "3bd9c39"
                                                    }
                                                ],
                                                "typography_font_size_mobile": {
                                                    "unit": "em",
                                                    "size": 1.5,
                                                    "sizes": []
                                                },
                                                "typography_font_size_tablet": {
                                                    "unit": "em",
                                                    "size": "",
                                                    "sizes": []
                                                },
                                                "typography_line_height_tablet": {
                                                    "unit": "em",
                                                    "size": 1,
                                                    "sizes": []
                                                },
                                                "_margin": {
                                                    "unit": "px",
                                                    "top": "0",
                                                    "right": "0",
                                                    "bottom": "0",
                                                    "left": "0",
                                                    "isLinked": true
                                                },
                                                "typography_line_height_mobile": {
                                                    "unit": "em",
                                                    "size": 1,
                                                    "sizes": []
                                                }
                                            },
                                            "elements": [],
                                            "isInner": false,
                                            "widgetType": "heading",
                                            "elType": "widget"
                                        }
                                    ],
                                    "isInner": true,
                                    "elType": "column"
                                }
                            ],
                            "isInner": true,
                            "elType": "section"
                        },
                        {
                            "id": "54857316",
                            "settings": {
                                "structure": "20",
                                "breakpoints_list": [
                                    {
                                        "break_title": "Title #1",
                                        "break_min": "Min",
                                        "break_max": "Max",
                                        "_id": "2f62780"
                                    }
                                ]
                            },
                            "elements": [
                                {
                                    "id": "a13a2a2",
                                    "settings": {
                                        "_column_size": 50,
                                        "_inline_size": 66.33899999999999863575794734060764312744140625,
                                        "breakpoints_list": [
                                            {
                                                "break_title": "Title #1",
                                                "break_min": "Min",
                                                "break_max": "Max",
                                                "_id": "19b26f5"
                                            }
                                        ]
                                    },
                                    "elements": [
                                        {
                                            "id": "48112e84",
                                            "settings": {
                                                "image": {
                                                    "url": "https:\/\/elementorpress.com\/templatekit\/woodart-me\/wp-content\/uploads\/sites\/15\/2020\/09\/gallery_img01.jpg",
                                                    "id": 228
                                                },
                                                "image_size": "full",
                                                "breakpoints_list": [
                                                    {
                                                        "break_title": "Title #1",
                                                        "break_min": "Min",
                                                        "break_max": "Max",
                                                        "_id": "0497819"
                                                    }
                                                ]
                                            },
                                            "elements": [],
                                            "isInner": false,
                                            "widgetType": "image",
                                            "elType": "widget"
                                        }
                                    ],
                                    "isInner": true,
                                    "elType": "column"
                                },
                                {
                                    "id": "77ff42aa",
                                    "settings": {
                                        "_column_size": 50,
                                        "_inline_size": 33.61800000000000210320649784989655017852783203125,
                                        "breakpoints_list": [
                                            {
                                                "break_title": "Title #1",
                                                "break_min": "Min",
                                                "break_max": "Max",
                                                "_id": "e28531b"
                                            }
                                        ]
                                    },
                                    "elements": [
                                        {
                                            "id": "61b49fcf",
                                            "settings": {
                                                "image": {
                                                    "url": "https:\/\/elementorpress.com\/templatekit\/woodart-me\/wp-content\/uploads\/sites\/15\/2020\/09\/gallery_img02.jpg",
                                                    "id": 229
                                                },
                                                "breakpoints_list": [
                                                    {
                                                        "break_title": "Title #1",
                                                        "break_min": "Min",
                                                        "break_max": "Max",
                                                        "_id": "dc254cd"
                                                    }
                                                ]
                                            },
                                            "elements": [],
                                            "isInner": false,
                                            "widgetType": "image",
                                            "elType": "widget"
                                        },
                                        {
                                            "id": "1bb44fcb",
                                            "settings": {
                                                "image": {
                                                    "url": "https:\/\/elementorpress.com\/templatekit\/woodart-me\/wp-content\/uploads\/sites\/15\/2020\/09\/gallery_img03.jpg",
                                                    "id": 230
                                                },
                                                "breakpoints_list": [
                                                    {
                                                        "break_title": "Title #1",
                                                        "break_min": "Min",
                                                        "break_max": "Max",
                                                        "_id": "cc00c6c"
                                                    }
                                                ]
                                            },
                                            "elements": [],
                                            "isInner": false,
                                            "widgetType": "image",
                                            "elType": "widget"
                                        }
                                    ],
                                    "isInner": true,
                                    "elType": "column"
                                }
                            ],
                            "isInner": true,
                            "elType": "section"
                        },
                        {
                            "id": "5f7cfb60",
                            "settings": {
                                "margin": {
                                    "unit": "px",
                                    "top": "0",
                                    "right": 0,
                                    "bottom": "40",
                                    "left": 0,
                                    "isLinked": false
                                },
                                "breakpoints_list": [
                                    {
                                        "break_title": "Title #1",
                                        "break_min": "Min",
                                        "break_max": "Max",
                                        "_id": "63f965d"
                                    }
                                ]
                            },
                            "elements": [
                                {
                                    "id": "4e63dd15",
                                    "settings": {
                                        "_column_size": 100,
                                        "_inline_size": null,
                                        "breakpoints_list": [
                                            {
                                                "break_title": "Title #1",
                                                "break_min": "Min",
                                                "break_max": "Max",
                                                "_id": "62c1171"
                                            }
                                        ]
                                    },
                                    "elements": [
                                        {
                                            "id": "70811be5",
                                            "settings": {
                                                "image": {
                                                    "url": "https:\/\/elementorpress.com\/templatekit\/woodart-me\/wp-content\/uploads\/sites\/15\/2020\/09\/gallery_img04.jpg",
                                                    "id": 231
                                                },
                                                "image_size": "full",
                                                "breakpoints_list": [
                                                    {
                                                        "break_title": "Title #1",
                                                        "break_min": "Min",
                                                        "break_max": "Max",
                                                        "_id": "dd746ef"
                                                    }
                                                ]
                                            },
                                            "elements": [],
                                            "isInner": false,
                                            "widgetType": "image",
                                            "elType": "widget"
                                        }
                                    ],
                                    "isInner": true,
                                    "elType": "column"
                                }
                            ],
                            "isInner": true,
                            "elType": "section"
                        },
                        {
                            "id": "6dacde1f",
                            "settings": {
                                "breakpoints_list": [
                                    {
                                        "break_title": "Title #1",
                                        "break_min": "Min",
                                        "break_max": "Max",
                                        "_id": "6399beb"
                                    }
                                ]
                            },
                            "elements": [
                                {
                                    "id": "1a598c9e",
                                    "settings": {
                                        "_column_size": 100,
                                        "_inline_size": null,
                                        "breakpoints_list": [
                                            {
                                                "break_title": "Title #1",
                                                "break_min": "Min",
                                                "break_max": "Max",
                                                "_id": "bfcc96c"
                                            }
                                        ]
                                    },
                                    "elements": [
                                        {
                                            "id": "120956ae",
                                            "settings": {
                                                "text": "VIEW ALL PROJECTS",
                                                "align": "center",
                                                "typography_typography": "custom",
                                                "typography_font_family": "Poppins",
                                                "typography_font_size": {
                                                    "unit": "em",
                                                    "size": 1,
                                                    "sizes": []
                                                },
                                                "typography_font_weight": "500",
                                                "typography_line_height": {
                                                    "unit": "em",
                                                    "size": 1.5,
                                                    "sizes": []
                                                },
                                                "button_text_color": "#431F09",
                                                "background_color": "rgba(2, 1, 1, 0)",
                                                "hover_color": "#FFFFFF",
                                                "button_background_hover_color": "#431F09",
                                                "button_hover_border_color": "#431F09",
                                                "border_border": "solid",
                                                "border_width": {
                                                    "unit": "px",
                                                    "top": "2",
                                                    "right": "2",
                                                    "bottom": "2",
                                                    "left": "2",
                                                    "isLinked": true
                                                },
                                                "border_color": "#431F09",
                                                "border_radius": {
                                                    "unit": "px",
                                                    "top": "0",
                                                    "right": "0",
                                                    "bottom": "0",
                                                    "left": "0",
                                                    "isLinked": false
                                                },
                                                "breakpoints_list": [
                                                    {
                                                        "break_title": "Title #1",
                                                        "break_min": "Min",
                                                        "break_max": "Max",
                                                        "_id": "c0ba249"
                                                    }
                                                ],
                                                "typography_font_size_mobile": {
                                                    "unit": "em",
                                                    "size": 0.90000000000000002220446049250313080847263336181640625,
                                                    "sizes": []
                                                },
                                                "text_padding": {
                                                    "unit": "em",
                                                    "top": "0.6",
                                                    "right": "1.63",
                                                    "bottom": "0.6",
                                                    "left": "1.63",
                                                    "isLinked": false
                                                },
                                                "typography_letter_spacing": {
                                                    "unit": "px",
                                                    "size": 0.40000000000000002220446049250313080847263336181640625,
                                                    "sizes": []
                                                }
                                            },
                                            "elements": [],
                                            "isInner": false,
                                            "widgetType": "button",
                                            "elType": "widget"
                                        }
                                    ],
                                    "isInner": true,
                                    "elType": "column"
                                }
                            ],
                            "isInner": true,
                            "elType": "section"
                        }
                    ],
                    "isInner": false,
                    "elType": "column"
                }
            ],
            "isInner": false,
            "elType": "section"
        },
        {
            "id": "670967a0",
            "settings": {
                "structure": "20",
                "background_background": "classic",
                "background_image": {
                    "url": "https:\/\/elementorpress.com\/templatekit\/woodart-me\/wp-content\/uploads\/sites\/15\/2020\/09\/bg_coa.jpg",
                    "id": 113
                },
                "background_position": "center center",
                "background_repeat": "no-repeat",
                "background_size": "cover",
                "padding": {
                    "unit": "px",
                    "top": "30",
                    "right": "0",
                    "bottom": "20",
                    "left": "0",
                    "isLinked": false
                },
                "breakpoints_list": [
                    {
                        "break_title": "Title #1",
                        "break_min": "Min",
                        "break_max": "Max",
                        "_id": "37b56b3"
                    }
                ]
            },
            "elements": [
                {
                    "id": "65137d7f",
                    "settings": {
                        "_column_size": 50,
                        "_inline_size": 69.034999999999996589394868351519107818603515625,
                        "breakpoints_list": [
                            {
                                "break_title": "Title #1",
                                "break_min": "Min",
                                "break_max": "Max",
                                "_id": "db09553"
                            }
                        ],
                        "_inline_size_tablet": 60,
                        "space_between_widgets": 0,
                        "margin": {
                            "unit": "px",
                            "top": "0",
                            "right": "0",
                            "bottom": "0",
                            "left": "0",
                            "isLinked": false
                        }
                    },
                    "elements": [
                        {
                            "id": "3948e291",
                            "settings": {
                                "title": "If you have any woodwork",
                                "header_size": "h3",
                                "title_color": "#FFFFFF",
                                "typography_typography": "custom",
                                "typography_font_family": "Roboto Slab",
                                "typography_font_size": {
                                    "unit": "em",
                                    "size": 1.87999999999999989341858963598497211933135986328125,
                                    "sizes": []
                                },
                                "typography_font_weight": "400",
                                "typography_line_height": {
                                    "unit": "em",
                                    "size": 1.1999999999999999555910790149937383830547332763671875,
                                    "sizes": []
                                },
                                "breakpoints_list": [
                                    {
                                        "break_title": "Title #1",
                                        "break_min": "Min",
                                        "break_max": "Max",
                                        "_id": "8f1e916"
                                    }
                                ],
                                "align_mobile": "center",
                                "typography_font_size_mobile": {
                                    "unit": "px",
                                    "size": 24,
                                    "sizes": []
                                },
                                "typography_line_height_mobile": {
                                    "unit": "px",
                                    "size": 24,
                                    "sizes": []
                                },
                                "_margin": {
                                    "unit": "px",
                                    "top": "0",
                                    "right": "0",
                                    "bottom": "10",
                                    "left": "0",
                                    "isLinked": false
                                },
                                "_margin_mobile": {
                                    "unit": "px",
                                    "top": "0",
                                    "right": "0",
                                    "bottom": "10",
                                    "left": "0",
                                    "isLinked": false
                                },
                                "typography_font_size_tablet": {
                                    "unit": "em",
                                    "size": 1.6999999999999999555910790149937383830547332763671875,
                                    "sizes": []
                                }
                            },
                            "elements": [],
                            "isInner": false,
                            "widgetType": "heading",
                            "elType": "widget"
                        },
                        {
                            "id": "7958a2f",
                            "settings": {
                                "breakpoints_list": [
                                    {
                                        "break_title": "Title #1",
                                        "break_min": "Min",
                                        "break_max": "Max",
                                        "_id": "81fc9d8"
                                    }
                                ],
                                "padding": {
                                    "unit": "px",
                                    "top": "0",
                                    "right": "0",
                                    "bottom": "0",
                                    "left": "0",
                                    "isLinked": false
                                },
                                "layout": "full_width",
                                "margin_tablet": {
                                    "unit": "px",
                                    "top": "0",
                                    "right": 0,
                                    "bottom": "0",
                                    "left": 0,
                                    "isLinked": false
                                },
                                "padding_tablet": {
                                    "unit": "px",
                                    "top": "0",
                                    "right": "0",
                                    "bottom": "0",
                                    "left": "0",
                                    "isLinked": false
                                }
                            },
                            "elements": [
                                {
                                    "id": "4ecfa129",
                                    "settings": {
                                        "_column_size": 100,
                                        "_inline_size": null,
                                        "breakpoints_list": [
                                            {
                                                "break_title": "Title #1",
                                                "break_min": "Min",
                                                "break_max": "Max",
                                                "_id": "40d1d30"
                                            }
                                        ],
                                        "space_between_widgets": 0,
                                        "padding": {
                                            "unit": "px",
                                            "top": "0",
                                            "right": "0",
                                            "bottom": "0",
                                            "left": "0",
                                            "isLinked": false
                                        },
                                        "margin": {
                                            "unit": "px",
                                            "top": "0",
                                            "right": "0",
                                            "bottom": "0",
                                            "left": "0",
                                            "isLinked": false
                                        },
                                        "margin_tablet": {
                                            "unit": "px",
                                            "top": "0",
                                            "right": "0",
                                            "bottom": "0",
                                            "left": "0",
                                            "isLinked": false
                                        },
                                        "padding_tablet": {
                                            "unit": "px",
                                            "top": "0",
                                            "right": "0",
                                            "bottom": "0",
                                            "left": "0",
                                            "isLinked": false
                                        }
                                    },
                                    "elements": [
                                        {
                                            "id": "53be5c9e",
                                            "settings": {
                                                "editor": "<p>Call us 24\/7, we are available for our customers.<\/p>",
                                                "text_color": "#FFFFFF",
                                                "typography_typography": "custom",
                                                "typography_font_family": "Poppins",
                                                "typography_font_size": {
                                                    "unit": "em",
                                                    "size": 1.12999999999999989341858963598497211933135986328125,
                                                    "sizes": []
                                                },
                                                "typography_font_weight": "300",
                                                "typography_line_height": {
                                                    "unit": "em",
                                                    "size": 1.1999999999999999555910790149937383830547332763671875,
                                                    "sizes": []
                                                },
                                                "breakpoints_list": [
                                                    {
                                                        "break_title": "Title #1",
                                                        "break_min": "Min",
                                                        "break_max": "Max",
                                                        "_id": "ce47812"
                                                    }
                                                ],
                                                "align_mobile": "center",
                                                "_margin": {
                                                    "unit": "px",
                                                    "top": "0",
                                                    "right": "0",
                                                    "bottom": "-20",
                                                    "left": "0",
                                                    "isLinked": false
                                                },
                                                "_padding": {
                                                    "unit": "px",
                                                    "top": "0",
                                                    "right": "0",
                                                    "bottom": "0",
                                                    "left": "0",
                                                    "isLinked": false
                                                },
                                                "typography_font_size_mobile": {
                                                    "unit": "em",
                                                    "size": 1,
                                                    "sizes": []
                                                },
                                                "typography_font_size_tablet": {
                                                    "unit": "em",
                                                    "size": 1.100000000000000088817841970012523233890533447265625,
                                                    "sizes": []
                                                },
                                                "_padding_tablet": {
                                                    "unit": "px",
                                                    "top": "0",
                                                    "right": "0",
                                                    "bottom": "0",
                                                    "left": "0",
                                                    "isLinked": false
                                                }
                                            },
                                            "elements": [],
                                            "isInner": false,
                                            "widgetType": "text-editor",
                                            "elType": "widget"
                                        }
                                    ],
                                    "isInner": true,
                                    "elType": "column"
                                }
                            ],
                            "isInner": true,
                            "elType": "section"
                        }
                    ],
                    "isInner": false,
                    "elType": "column"
                },
                {
                    "id": "399ec1d",
                    "settings": {
                        "_column_size": 50,
                        "_inline_size": 30.83500000000000085265128291212022304534912109375,
                        "breakpoints_list": [
                            {
                                "break_title": "Title #1",
                                "break_min": "Min",
                                "break_max": "Max",
                                "_id": "b6f4e13"
                            }
                        ],
                        "_inline_size_tablet": 40,
                        "space_between_widgets": 0
                    },
                    "elements": [
                        {
                            "id": "2cef240e",
                            "settings": {
                                "image": {
                                    "url": "https:\/\/elementorpress.com\/templatekit\/woodart-me\/wp-content\/uploads\/sites\/15\/2020\/09\/cell_phone_img.png",
                                    "id": 114
                                },
                                "title_text": "Contact phone",
                                "description_text": "1.001.234.5678",
                                "position": "left",
                                "image_space": {
                                    "unit": "px",
                                    "size": "",
                                    "sizes": []
                                },
                                "css_filters_css_filter": "custom",
                                "title_color": "#FFFFFF",
                                "title_typography_typography": "custom",
                                "title_typography_font_family": "Poppins",
                                "title_typography_font_size": {
                                    "unit": "em",
                                    "size": 1.12999999999999989341858963598497211933135986328125,
                                    "sizes": []
                                },
                                "title_typography_font_weight": "400",
                                "title_typography_line_height": {
                                    "unit": "em",
                                    "size": 1.1999999999999999555910790149937383830547332763671875,
                                    "sizes": []
                                },
                                "description_color": "#FFFFFF",
                                "description_typography_typography": "custom",
                                "description_typography_font_family": "Poppins",
                                "description_typography_font_size": {
                                    "unit": "px",
                                    "size": 30,
                                    "sizes": []
                                },
                                "description_typography_font_weight": "600",
                                "description_typography_line_height": {
                                    "unit": "px",
                                    "size": 36,
                                    "sizes": []
                                },
                                "breakpoints_list": [
                                    {
                                        "break_title": "Title #1",
                                        "break_min": "Min",
                                        "break_max": "Max",
                                        "_id": "fc164e5"
                                    }
                                ],
                                "title_bottom_space": {
                                    "unit": "px",
                                    "size": 0,
                                    "sizes": []
                                },
                                "title_typography_font_size_mobile": {
                                    "unit": "em",
                                    "size": 1,
                                    "sizes": []
                                },
                                "description_typography_font_size_mobile": {
                                    "unit": "em",
                                    "size": 1.5,
                                    "sizes": []
                                },
                                "title_typography_font_size_tablet": {
                                    "unit": "em",
                                    "size": 1.100000000000000088817841970012523233890533447265625,
                                    "sizes": []
                                },
                                "title_typography_line_height_tablet": {
                                    "unit": "em",
                                    "size": 0.5,
                                    "sizes": []
                                },
                                "description_typography_font_size_tablet": {
                                    "unit": "em",
                                    "size": 1.6999999999999999555910790149937383830547332763671875,
                                    "sizes": []
                                },
                                "description_typography_line_height_tablet": {
                                    "unit": "em",
                                    "size": 1.3000000000000000444089209850062616169452667236328125,
                                    "sizes": []
                                }
                            },
                            "elements": [],
                            "isInner": false,
                            "widgetType": "image-box",
                            "elType": "widget"
                        }
                    ],
                    "isInner": false,
                    "elType": "column"
                }
            ],
            "isInner": false,
            "elType": "section"
        }
    ],
    "page_settings": {
        "hide_title": "yes",
        "eael_ext_toc_title": "Table of Contents",
        "template": "elementor_header_footer"
    }
}